{"cameraMode":{"drawMode":0,"name":"Shaded","section":"Shading Mode"},"sceneLighting":true,"audioPlay":false,"sceneViewState":{"showFog":true,"showMaterialUpdate":false,"showSkybox":false,"showFlares":true,"showImageEffects":true,"showParticleSystems":true},"in2DMode":false,"pivot":{"x":1.189697265625,"y":5099.4296875,"z":-695.984130859375},"rotation":{"x":-0.11297577619552612,"y":0.8497504591941834,"z":-0.2028302401304245,"w":-0.47330817580223086},"size":28988.97265625,"orthographic":false}