{"cameraMode":{"drawMode":0,"name":"Shaded","section":"Shading Mode"},"sceneLighting":true,"audioPlay":false,"sceneViewState":{"showFog":true,"showMaterialUpdate":false,"showSkybox":true,"showFlares":true,"showImageEffects":true,"showParticleSystems":true},"in2DMode":false,"pivot":{"x":652.82421875,"y":-3776.980224609375,"z":5143.7509765625},"rotation":{"x":-0.18492159247398377,"y":0.7628560662269592,"z":0.2485762983560562,"w":0.5675073266029358},"size":39757.4921875,"orthographic":true}